Link Name,Center of Mass X,Center of Mass Y,Center of Mass Z,Center of Mass Roll,Center of Mass Pitch,Center of Mass Yaw,Mass,Moment Ixx,Moment Ixy,Moment Ixz,Moment Iyy,Moment Iyz,Moment Izz,Visual X,Visual Y,Visual Z,Visual Roll,Visual Pitch,Visual Yaw,Mesh Filename,Color Red,Color Green,Color Blue,Color Alpha,Collision X,Collision Y,Collision Z,Collision Roll,Collision Pitch,Collision Yaw,Collision Mesh Filename,Material Name,SW Components,Coordinate System,Axis Name,Joint Name,Joint Type,Joint Origin X,Joint Origin Y,Joint Origin Z,Joint Origin Roll,Joint Origin Pitch,Joint Origin Yaw,Parent,Joint Axis X,Joint Axis Y,Joint Axis Z,Limit Effort,Limit Velocity,Limit Lower,Limit Upper,Calibration rising,Calibration falling,Dynamics Damping,Dynamics Friction,Safety Soft Upper,Safety Soft Lower,Safety K Position,Safety K Velocity
BASE_LINK,-0.0721793679847997,-0.000171913733348097,0.0216867126180342,0,0,0,5.24443236245165,0.0262580579269861,8.07795585752424E-06,0.00152128858887381,0.0260507606931246,-1.79614109670231E-06,0.0199356700933384,0,0,0,0,0,0,package://TH02.9/meshes/BASE_LINK.STL,0.792156862745098,0.819607843137255,0.933333333333333,1,0,0,0,0,0,0,package://TH02.9/meshes/BASE_LINK.STL,,TH02-BODY-DUMMY-Simplified-2;TH02.9-HIP-PITCH-1/Crossed_Roller_Bearing_208-1,BODY,,,,0,0,0,0,0,0,,0,0,0,,,,,,,,,,,,
UPPERSHOULDER_R,0.00118517955243733,0.000598188367540886,-0.00387621655011978,0,0,0,0.515931134874054,0.000398358180485578,-9.13607834839545E-07,-7.06329123486979E-07,0.000305217212059324,-8.05767695618209E-06,0.000269584617403503,0,0,0,0,0,0,package://TH02.9/meshes/UPPERSHOULDER_R.STL,0.792156862745098,0.819607843137255,0.933333333333333,1,0,0,0,0,0,0,package://TH02.9/meshes/UPPERSHOULDER_R.STL,,TH02-ARM-7DoF-Dummy-2/TH02-UPPER_SHOULDER-1,SHOULDER_PITCH_R,SHOULDER_PITCH_R_AXIS,SHOULDER_PITCH_R,revolute,-0.05563,-0.15695,0.10675,1.5708,0,0,BASE_LINK,0,0,1,0,0,0,0,,,,,,,,
LOWERSHOULDER_R,0.0566009686909064,0.000402587033057011,-0.000118064540180346,0,0,0,0.511137136953862,0.000294471411427358,3.83662062858434E-06,7.33758655585541E-07,0.000252945697573363,-6.49310859450973E-08,0.000255915981865808,0,0,0,0,0,0,package://TH02.9/meshes/LOWERSHOULDER_R.STL,0.792156862745098,0.819607843137255,0.933333333333333,1,0,0,0,0,0,0,package://TH02.9/meshes/LOWERSHOULDER_R.STL,,TH02-ARM-7DoF-Dummy-2/TH02-LOWER_SHOULDER-1,SHOULDER_ROLL_R,SHOULDER_ROLL_R_AXIS,SHOULDER_ROLL_R,revolute,0,0,0,0,-1.5708,0,UPPERSHOULDER_R,0,0,-1,0,0,0,0,,,,,,,,
UPPERARM_R,-0.000666875874436118,-0.00679026457278259,0.175995864926711,0,0,0,0.371138746643525,0.000226979895393159,9.47670835617541E-07,-2.1875182425236E-06,0.00017775684141381,3.57467496744742E-06,0.000152610108840574,0,0,0,0,0,0,package://TH02.9/meshes/UPPERARM_R.STL,0.792156862745098,0.819607843137255,0.933333333333333,1,0,0,0,0,0,0,package://TH02.9/meshes/UPPERARM_R.STL,,TH02-ARM-7DoF-Dummy-2/TH02-UPPERARM-1,SHOULDER_YAW_R,SHOULDER_YAW_R_AXIS,SHOULDER_YAW_R,revolute,0,0,0,0,-1.5708,0,LOWERSHOULDER_R,0,0,1,0,0,0,0,,,,,,,,
ELBOW_R,0.0544305090274793,-0.0139282803200345,-4.81199147240596E-05,0,0,0,0.501942573688591,0.000367536665183546,1.45275385415419E-05,1.37819534992532E-06,0.000393526345685962,1.07620955209511E-06,0.000311809219916806,0,0,0,0,0,0,package://TH02.9/meshes/ELBOW_R.STL,0.792156862745098,0.819607843137255,0.933333333333333,1,0,0,0,0,0,0,package://TH02.9/meshes/ELBOW_R.STL,,TH02-ARM-7DoF-Dummy-2/TH02-ELBOW-1,ELBOW_PITCH_R,ELBOW_PITCH_R_AXIS,ELBOW_PITCH_R,revolute,0,-0.015,0.22495,0,-1.5708,0,UPPERARM_R,0,0,-1,0,0,0,0,,,,,,,,
FOREARM_R,-0.00121794880379125,1.67487137757716E-05,-0.0166950557235776,0,0,0,0.241887919081571,0.000159311784934106,1.05884182325161E-08,-1.90398083163138E-06,0.000111370093759086,1.8135681205174E-10,0.000107106488611903,0,0,0,0,0,0,package://TH02.9/meshes/FOREARM_R.STL,0.792156862745098,0.819607843137255,0.933333333333333,1,0,0,0,0,0,0,package://TH02.9/meshes/FOREARM_R.STL,,TH02-ARM-7DoF-Dummy-2/TH02-FOREARM-1,ELBOW_YAW_R,ELBOW_YAW_R_AXIS,ELBOW_YAW_R,revolute,0.15495,-0.015,0,-0.00025408,-1.5708,-3.1413,ELBOW_R,0,0,1,0,0,0,0,,,,,,,,
WRIST_R,0.05487723186169,0.000412630816192583,0.000117966337675579,0,0,0,0.491257285827644,0.000352046444051741,2.41490951262556E-06,-1.2175876420032E-06,0.000366016764320964,-1.18475787072244E-07,0.00028675329569376,0,0,0,0,0,0,package://TH02.9/meshes/WRIST_R.STL,0.792156862745098,0.819607843137255,0.933333333333333,1,0,0,0,0,0,0,package://TH02.9/meshes/WRIST_R.STL,,TH02-ARM-7DoF-Dummy-2/TH02-WRIST-1,WRIST_PITCH_R,WRIST_PITCH_R_AXIS,WRIST_PITCH_R,revolute,0,0,0,0,-1.5708,0,FOREARM_R,0,0,1,0,0,0,0,,,,,,,,
PALM_R,0.00199209346568027,0.000815057415206988,-0.0235009295173532,0,0,0,0.20834227454562,7.31663581774184E-05,1.75180086157257E-07,3.60972810150937E-07,0.000112124116197101,-1.75102857009311E-07,0.000171385746979232,0,0,0,0,0,0,package://TH02.9/meshes/PALM_R.STL,0.792156862745098,0.819607843137255,0.933333333333333,1,0,0,0,0,0,0,package://TH02.9/meshes/PALM_R.STL,,TH02-ARM-7DoF-Dummy-2/WRIST_SHAFT-1;TH02-ARM-7DoF-Dummy-2/EN02-OP-Dummy-1/EN02-OP-PALM-Dummy-1,WRIST_YAW_R,WRIST_YAW_R_AXIS,WRIST_YAW,revolute,0.13385,0,0,0,-1.5708,0,WRIST_R,0,0,-1,0,0,0,0,,,,,,,,
INDEX_BASE_R,0.0175158898216915,0.0063926285000756,-0.00205472087851022,0,0,0,0.0226988426561994,1.31322208814101E-06,-1.28181598776354E-06,1.07582560520457E-06,7.22725064514885E-06,2.54009646623063E-07,7.50888199971906E-06,0,0,0,0,0,0,package://TH02.9/meshes/INDEX_BASE_R.STL,0.898039215686275,0.917647058823529,0.929411764705882,1,0,0,0,0,0,0,package://TH02.9/meshes/INDEX_BASE_R.STL,,TH02-ARM-7DoF-Dummy-2/EN02-OP-Dummy-1/EN02-OP-INDEX-PROXIMAL-Dummy-1,PALM_AXIAL_R,PALM_AXIAL_R_AXIS,PALM_AXIAL_R,revolute,0.024532,-0.008,-0.0115,3.1416,0,1.5708,PALM_R,0,0,-1,0,0,0,0,,,,,,,,
INDEX_PROXIMAL_R,0.0163362757553751,0.000586069883128038,0.000450188301940074,0,0,0,0.0374055724209468,1.86789403591455E-06,3.15456390080704E-07,-1.46648397726765E-08,5.10876717712663E-06,-3.43164050874566E-09,5.87147624242706E-06,0,0,0,0,0,0,package://TH02.9/meshes/INDEX_PROXIMAL_R.STL,1,1,1,0.5,0,0,0,0,0,0,package://TH02.9/meshes/INDEX_PROXIMAL_R.STL,,TH02-ARM-7DoF-Dummy-2/EN02-OP-Dummy-1/EN02-OP-INDEX-MIDDLE-Dummy-1,INDEX_MCP_PITCH_R,INDEX_MCP_PITCH_R_AXIS,INDEX_MCP_PITCH_R,revolute,0.04,0.008,-0.008,-1.5708,0,0,INDEX_BASE_R,0,0,-1,0,0,0,0,,,,,,,,
INDEX_MIDDLE_R,0.0173562573325473,0.00178178756255798,-0.000123144543828391,0,0,0,0.0379168101071813,2.79089834157198E-06,-2.28854228955627E-07,2.70178999670674E-08,5.28958626892826E-06,2.93312372934088E-08,4.65996511345673E-06,0,0,0,0,0,0,package://TH02.9/meshes/INDEX_MIDDLE_R.STL,1,1,1,0.5,0,0,0,0,0,0,package://TH02.9/meshes/INDEX_MIDDLE_R.STL,,TH02-ARM-7DoF-Dummy-2/EN02-OP-Dummy-1/EN02-OP-INDEX-DISTAL-Dummy-1,INDEX_PIP_PITCH_R,INDEX_PIP_PITCH_R_AXIS,INDEX_PIP_PITCH_R,revolute,0.05,0,0,0,0,0,INDEX_PROXIMAL_R,0,0,1,0,0,0,0,,,,,,,,
MIDDLE_BASE_R,0.0162570568809658,0.00593320413187129,0.00188391473453564,0,0,0,0.024456486450056,1.42722586497357E-06,-1.40951045854385E-06,-1.13945472882288E-06,7.75486462381221E-06,-2.71264477369078E-07,8.122479992408E-06,0,0,0,0,0,0,package://TH02.9/meshes/MIDDLE_BASE_R.STL,0.898039215686275,0.917647058823529,0.929411764705882,1,0,0,0,0,0,0,package://TH02.9/meshes/MIDDLE_BASE_R.STL,,TH02-ARM-7DoF-Dummy-2/EN02-OP-Dummy-1/EN02-OP-MIDDLE-PROXIMAL-Dummy-1,PALM_AXIAL_AUX_R,PALM_AXIAL_AUX_R_AXIS,PALM_AXIAL_AUX_R,revolute,-0.024532,-0.008,-0.0115,0,0,1.5708,PALM_R,0,0,1,0,0,0,0,,,,,,,,
MIDDLE_PROXIMAL_R,0.0163362472111944,0.000580684067315373,-0.000450176445430328,0,0,0,0.0374055190554485,1.86788986385766E-06,3.19314719627825E-07,1.4665444801647E-08,5.10875962420917E-06,3.19543244530717E-09,5.87146406603687E-06,0,0,0,0,0,0,package://TH02.9/meshes/MIDDLE_PROXIMAL_R.STL,1,1,1,0.5,0,0,0,0,0,0,package://TH02.9/meshes/MIDDLE_PROXIMAL_R.STL,,TH02-ARM-7DoF-Dummy-2/EN02-OP-Dummy-1/EN02-OP-MIDDLE-MIDDLE-Dummy-1,MIDDLE_MCP_PITCH_R,MIDDLE_MCP_PITCH_R_AXIS,MIDDLE_MCP_PITCH_R,revolute,0.04,0.008,0.008,1.5708,0,0,MIDDLE_BASE_R,0,0,-1,0,0,0,0,,,,,,,,
MIDDLE_MIDDLE_R,0.0173562561998483,0.00177649237903144,0.000123144706680955,0,0,0,0.0379168035527499,2.79089743801525E-06,-2.24992565985999E-07,-2.70175709128888E-08,5.28958568032014E-06,-2.95647228342591E-08,4.65996413145395E-06,0,0,0,0,0,0,package://TH02.9/meshes/MIDDLE_MIDDLE_R.STL,1,1,1,0.5,0,0,0,0,0,0,package://TH02.9/meshes/MIDDLE_MIDDLE_R.STL,,TH02-ARM-7DoF-Dummy-2/EN02-OP-Dummy-1/EN02-OP-MIDDLE-DISTAL-Dummy-1,MIDDLE_PIP_PITCH_R,MIDDLE_PIP_PITCH_R_AXIS,MIDDLE_PIP_PITCH_R,revolute,0.05,0,0,0,0,0,MIDDLE_PROXIMAL_R,0,0,-1,0,0,0,0,,,,,,,,
THUMB_PROXIMAL_R,0.0322257516032398,0.000660223174233865,0.000442709098999933,0,0,0,0.0386470613708243,2.00078118464031E-06,1.20202137598111E-08,5.35379711571385E-08,4.96137706301908E-06,-7.06233748458513E-10,5.72641855865652E-06,0,0,0,0,0,0,package://TH02.9/meshes/THUMB_PROXIMAL_R.STL,1,1,1,0.5,0,0,0,0,0,0,package://TH02.9/meshes/THUMB_PROXIMAL_R.STL,,TH02-ARM-7DoF-Dummy-2/EN02-OP-Dummy-1/EN02-OP-THUMB-MIDDLE-Dummy-1,THUMB_MCP_PITCH_R,THUMB_MCP_PITCH_R_AXIS,THUMB_MCP_PITCH_R,revolute,-5E-05,0.03205,-0.0035,1.5708,0,1.5708,PALM_R,0,0,1,0,0,0,0,,,,,,,,
THUMB_MIDDLE_R,0.0228788483189951,0.00209364083412789,0.000154113296204517,0,0,0,0.0202190205477861,1.21726936833965E-06,-6.46957080064483E-07,6.11277952418469E-08,4.54091758924417E-06,5.30941934586233E-09,4.83242744958036E-06,0,0,0,0,0,0,package://TH02.9/meshes/THUMB_MIDDLE_R.STL,1,1,1,0.5,0,0,0,0,0,0,package://TH02.9/meshes/THUMB_MIDDLE_R.STL,,TH02-ARM-7DoF-Dummy-2/EN02-OP-Dummy-1/EN02-OP-THUMB-DISTAL-Dummy-1,THUMB_PIP_PITCH_R,THUMB_PIP_PITCH_R_AXIS,THUMB_PIP_PITCH_R,revolute,0.05,0,0,0,0,0,THUMB_PROXIMAL_R,0,0,1,0,0,0,0,,,,,,,,
UPPERSHOULDER_L,0.00118517970003193,0.000598186983573723,0.00387621628072285,0,0,0,0.51593113910397,0.000398358183494354,-9.13557260916255E-07,7.06325330000375E-07,0.000305217211555061,8.0576986293035E-06,0.000269584619815732,0,0,0,0,0,0,package://TH02.9/meshes/UPPERSHOULDER_L.STL,0.792156862745098,0.819607843137255,0.933333333333333,1,0,0,0,0,0,0,package://TH02.9/meshes/UPPERSHOULDER_L.STL,,TH02-ARM-7DoF-Dummy-1/TH02-UPPER_SHOULDER-1,SHOULDER_PITCH_L,SHOULDER_PITCH_L_AXIS,SHOULDER_PITCH_L,revolute,-0.05563,0.15645,0.10675,1.5708,0,0,BASE_LINK,0,0,-1,0,0,0,0,,,,,,,,
LOWERSHOULDER_L,0.0566009886103855,-0.000402590347896359,-0.000101925610663162,0,0,0,0.511137743978271,0.000376843267129342,-2.69905712576674E-06,9.89446010056858E-07,0.000415504805601793,-5.45016916702321E-09,0.000336136449295134,0,0,0,0,0,0,package://TH02.9/meshes/LOWERSHOULDER_L.STL,0.792156862745098,0.819607843137255,0.933333333333333,1,0,0,0,0,0,0,package://TH02.9/meshes/LOWERSHOULDER_L.STL,,TH02-ARM-7DoF-Dummy-1/TH02-LOWER_SHOULDER-1,SHOULDER_ROLL_L,SHOULDER_ROLL_L_AXIS,SHOULDER_ROLL_L,revolute,0,0,0,0,1.5708,0,UPPERSHOULDER_L,0,0,-1,0,0,0,0,,,,,,,,
UPPERARM_L,-0.000666877289523055,0.00679025735066474,0.175995877583794,0,0,0,0.371138910898029,0.000226980191953651,-9.47747957323718E-07,-2.18750284776654E-06,0.000177757013742422,-3.5745895044075E-06,0.000152610162694698,0,0,0,0,0,0,package://TH02.9/meshes/UPPERARM_L.STL,0.792156862745098,0.819607843137255,0.933333333333333,1,0,0,0,0,0,0,package://TH02.9/meshes/UPPERARM_L.STL,,TH02-ARM-7DoF-Dummy-1/TH02-UPPERARM-1,SHOULDER_YAW_L,SHOULDER_YAW_L_AXIS,SHOULDER_YAW_L,revolute,0,0,0,0,-1.5708,0,LOWERSHOULDER_L,0,0,1,0,0,0,0,,,,,,,,
ELBOW_L,0.0544265385421889,0.0139324669263474,-2.68490391651943E-05,0,0,0,0.50186705497034,0.000367462432391179,-1.45927019811177E-05,1.2427616242984E-06,0.000393412264690984,-1.09263138374704E-06,0.000311744466549262,0,0,0,0,0,0,package://TH02.9/meshes/ELBOW_L.STL,0.792156862745098,0.819607843137255,0.933333333333333,1,0,0,0,0,0,0,package://TH02.9/meshes/ELBOW_L.STL,,TH02-ARM-7DoF-Dummy-1/TH02-ELBOW-1,ELBOW_PITCH_L,ELBOW_PITCH_L_AXIS,ELBOW_PITCH_L,revolute,0,0.015,0.22495,0,-1.5708,0,UPPERARM_L,0,0,-1,0,0,0,0,,,,,,,,
FOREARM_L,-0.00121998585589875,1.70904761173096E-05,0.016695603895815,0,0,0,0.241816975543753,0.000159311599093365,1.0617041320191E-08,1.9039707576711E-06,0.000111369905579253,-1.74381053335381E-10,0.00010710620560986,0,0,0,0,0,0,package://TH02.9/meshes/FOREARM_L.STL,0.792156862745098,0.819607843137255,0.933333333333333,1,0,0,0,0,0,0,package://TH02.9/meshes/FOREARM_L.STL,,TH02-ARM-7DoF-Dummy-1/TH02-FOREARM-1,ELBOW_YAW_L,ELBOW_YAW_L_AXIS,ELBOW_YAW_L,revolute,0.15495,0.015,0,0.00025273,-1.5708,-0.00025273,ELBOW_L,0,0,-1,0,0,0,0,,,,,,,,
WRIST_L,-0.0548772313844268,0.00041263172689987,0.000134256922277004,0,0,0,0.491257271526905,0.000352046150084261,-2.41490548482222E-06,1.27415214415143E-06,0.000366016462182706,-5.685623081665E-08,0.000286753295951333,0,0,0,0,0,0,package://TH02.9/meshes/WRIST_L.STL,0.792156862745098,0.819607843137255,0.933333333333333,1,0,0,0,0,0,0,package://TH02.9/meshes/WRIST_L.STL,,TH02-ARM-7DoF-Dummy-1/TH02-WRIST-1,WRIST_PITCH_L,WRIST_PITCH_L_AXIS,WRIST_PITCH_L,revolute,0,0,0,0,-1.5708,0,FOREARM_L,0,0,1,0,0,0,0,,,,,,,,
PALM_L,-0.00199208457908387,-0.000815057384194962,-0.0235009293065018,0,0,0,0.208342273450119,7.31663561595818E-05,1.75175761023632E-07,-3.6097859846846E-07,0.000112124078686147,1.75103703574441E-07,0.000171385709448254,0,0,0,0,0,0,package://TH02.9/meshes/PALM_L.STL,0.792156862745098,0.819607843137255,0.933333333333333,1,0,0,0,0,0,0,package://TH02.9/meshes/PALM_L.STL,,TH02-ARM-7DoF-Dummy-1/WRIST_SHAFT-1;TH02-ARM-7DoF-Dummy-1/EN02-OP-Dummy-1/EN02-OP-PALM-Dummy-1,WRIST_YAW_L,WRIST_YAW_L_AXIS,WRIST_YAW_L,revolute,-0.13385,0,0,3.1416,-1.5708,0,WRIST_L,0,0,-1,0,0,0,0,,,,,,,,
INDEX_BASE_L,0.0175158898216917,0.00639262850007591,-0.00205472087851033,0,0,0,0.0226988426561993,1.31322208814102E-06,-1.28181598776355E-06,1.07582560520458E-06,7.22725064514884E-06,2.54009646623068E-07,7.50888199971903E-06,0,0,0,0,0,0,package://TH02.9/meshes/INDEX_BASE_L.STL,0.898039215686275,0.917647058823529,0.929411764705882,1,0,0,0,0,0,0,package://TH02.9/meshes/INDEX_BASE_L.STL,,TH02-ARM-7DoF-Dummy-1/EN02-OP-Dummy-1/EN02-OP-INDEX-PROXIMAL-Dummy-1,PALM_AXIAL_L,PALM_AXIAL_L_AXIS,PALM_AXIAL_L,revolute,-0.024532,0.008,-0.0115,-3.1416,0,-1.5708,PALM_L,0,0,-1,0,0,0,0,,,,,,,,
INDEX_PROXIMAL_L,0.0163362757552988,0.000586069890670782,0.000450188292124454,0,0,0,0.0374055724207652,1.8678940358952E-06,3.15456389842773E-07,-1.46648450956398E-08,5.10876717700799E-06,-3.43162765372253E-09,5.87147624252376E-06,0,0,0,0,0,0,package://TH02.9/meshes/INDEX_PROXIMAL_L.STL,1,1,1,0.5,0,0,0,0,0,0,package://TH02.9/meshes/INDEX_PROXIMAL_L.STL,,TH02-ARM-7DoF-Dummy-1/EN02-OP-Dummy-1/EN02-OP-INDEX-MIDDLE-Dummy-1,INDEX_MCP_PITCH_L,INDEX_MCP_PITCH_L_AXIS,INDEX_MCP_PITCH_L,revolute,0.04,0.008,-0.008,-1.5708,0,0,INDEX_BASE_L,0,0,1,0,0,0,0,,,,,,,,
INDEX_MIDDLE_L,0.017356257332547,0.00178178756255809,-0.00012314454382828,0,0,0,0.0379168101071815,2.79089834157199E-06,-2.2885422895562E-07,2.7017899967069E-08,5.28958626892829E-06,2.9331237293401E-08,4.65996511345674E-06,0,0,0,0,0,0,package://TH02.9/meshes/INDEX_MIDDLE_L.STL,1,1,1,0.5,0,0,0,0,0,0,package://TH02.9/meshes/INDEX_MIDDLE_L.STL,,TH02-ARM-7DoF-Dummy-1/EN02-OP-Dummy-1/EN02-OP-INDEX-DISTAL-Dummy-1,INDEX_PIP_PITCH_L,INDEX_PIP_PITCH_L_AXIS,INDEX_PIP_PITCH_L,revolute,0.05,0,0,0,0,0,INDEX_PROXIMAL_L,0,0,-1,0,0,0,0,,,,,,,,
MIDDLE_BASE_L,0.0162570568809483,0.00593320410008061,0.00188391483456762,0,0,0,0.0244564864500161,1.4272258649695E-06,-1.40951043932774E-06,-1.13945475258701E-06,7.7548646329546E-06,-2.7126448356558E-07,8.12247998325408E-06,0,0,0,0,0,0,package://TH02.9/meshes/MIDDLE_BASE_L.STL,0.898039215686275,0.917647058823529,0.929411764705882,1,0,0,0,0,0,0,package://TH02.9/meshes/MIDDLE_BASE_L.STL,,TH02-ARM-7DoF-Dummy-1/EN02-OP-Dummy-1/EN02-OP-MIDDLE-PROXIMAL-Dummy-1,PALM_AXIAL_AUX_L,PALM_AXIAL_AUX_L_AXIS,"PALM_AXIAL_AUX_L ",revolute,0.024532,0.008,-0.0115,0,0,-1.5708,PALM_L,0,0,1,0,0,0,0,,,,,,,,
MIDDLE_PROXIMAL_L,0.0163362472084349,0.000580684068243853,-0.00045017644711659,0,0,0,0.037405519064411,1.86788986393571E-06,3.19314721356335E-07,1.46654447753884E-08,5.10875962638052E-06,3.19543211978435E-09,5.87146406813263E-06,0,0,0,0,0,0,package://TH02.9/meshes/MIDDLE_PROXIMAL_L.STL,1,1,1,0.5,0,0,0,0,0,0,package://TH02.9/meshes/MIDDLE_PROXIMAL_L.STL,,TH02-ARM-7DoF-Dummy-1/EN02-OP-Dummy-1/EN02-OP-MIDDLE-MIDDLE-Dummy-1,MIDDLE_MCP_PITCH_L,MIDDLE_MCP_PITCH_L_AXIS,MIDDLE_MCP_PITCH_L,revolute,0.04,0.008,0.008,1.5708,0,0,MIDDLE_BASE_L,0,0,1,0,0,0,0,,,,,,,,
MIDDLE_MIDDLE_L,0.0173562561987155,0.001776492377907,0.000123144708259498,0,0,0,0.037916803545392,2.7908974374268E-06,-2.24992566190635E-07,-2.70175704565245E-08,5.2895856793912E-06,-2.9564723057931E-08,4.65996413090223E-06,0,0,0,0,0,0,package://TH02.9/meshes/MIDDLE_MIDDLE_L.STL,1,1,1,0.5,0,0,0,0,0,0,package://TH02.9/meshes/MIDDLE_MIDDLE_L.STL,,TH02-ARM-7DoF-Dummy-1/EN02-OP-Dummy-1/EN02-OP-MIDDLE-DISTAL-Dummy-1,MIDDLE_PIP_PITCH_L,MIDDLE_PIP_PITCH_L_AXIS,MIDDLE_PIP_PITCH_L,revolute,0.05,0,0,0,0,0,MIDDLE_PROXIMAL_L,0,0,1,0,0,0,0,,,,,,,,
THUMB_PROXIMAL_L,0.0322257521350702,0.000660223236275792,0.000442709130547642,0,0,0,0.0386470613367471,2.00078114883003E-06,1.20204062327656E-08,5.35380318764559E-08,4.96137750887864E-06,-7.06211210407734E-10,5.72641897192553E-06,0,0,0,0,0,0,package://TH02.9/meshes/THUMB_PROXIMAL_L.STL,1,1,1,0.5,0,0,0,0,0,0,package://TH02.9/meshes/THUMB_PROXIMAL_L.STL,,TH02-ARM-7DoF-Dummy-1/EN02-OP-Dummy-1/EN02-OP-THUMB-MIDDLE-Dummy-1,THUMB_MCP_PITCH_L,THUMB_MCP_PITCH_L_AXIS,THUMB_MCP_PITCH_L,revolute,5E-05,-0.03205,-0.0035,1.5708,0,-1.5708,PALM_L,0,0,1,0,0,0,0,,,,,,,,
THUMB_MIDDLE_L,0.0228788484575521,0.00209364090854702,0.000154113379045334,0,0,0,0.0202190205028566,1.21726937124344E-06,-6.46957112182856E-07,6.11278223946347E-08,4.54091755104311E-06,5.30941976934414E-09,4.83242748536253E-06,0,0,0,0,0,0,package://TH02.9/meshes/THUMB_MIDDLE_L.STL,1,1,1,0.5,0,0,0,0,0,0,package://TH02.9/meshes/THUMB_MIDDLE_L.STL,,TH02-ARM-7DoF-Dummy-1/EN02-OP-Dummy-1/EN02-OP-THUMB-DISTAL-Dummy-1,THUMB_PIP_PITCH_L,THUMB_PIP_PITCH_L_AXIS,THUMB_PIP_PITCH_L,revolute,0.05,0,0,0,0,0,THUMB_PROXIMAL_L,0,0,1,0,0,0,0,,,,,,,,
NECK,7.24285435793615E-08,0.000372157331362574,-0.00293861682660029,0,0,0,0.166812257378368,8.12294398885348E-05,2.17565890561484E-10,2.67657648049356E-10,0.000110492027917251,2.48913432600718E-07,7.81798757925142E-05,0,0,0,0,0,0,package://TH02.9/meshes/NECK.STL,0.792156862745098,0.819607843137255,0.933333333333333,1,0,0,0,0,0,0,package://TH02.9/meshes/NECK.STL,,TH01-NECK-DUMMY-1,HEAD_YAW,HEAD_YAW_AXIS,HEAD_YAW,revolute,-0.059919,-0.00025,0.22411,0,-0.012883,0,BASE_LINK,0,0,-1,0,0,0,0,,,,,,,,
HEAD,-0.00703263698582726,0.0634522613490164,-9.13111566410579E-07,0,0,0,0.342266351904312,0.00126447243959065,6.82578080703426E-05,6.67425084838098E-09,0.00181113596189869,9.9623733923458E-10,0.000986358416541709,0,0,0,0,0,0,package://TH02.9/meshes/HEAD.STL,0.792156862745098,0.819607843137255,0.933333333333333,1,0,0,0,0,0,0,package://TH02.9/meshes/HEAD.STL,,TH01-HEAD_RevC_Dummy-1,HEAD_PITCH,HEAD_PITCH_AXIS,HEAD_PITCH,revolute,0,0,0,1.5708,0,0,NECK,0,0,1,0,0,0,0,,,,,,,,
WAIST,-0.00243605978208986,-6.87572822982707E-08,0.025000124751102,0,0,0,0.2851370137051,0.000202997889213497,-5.90907684173134E-11,-4.41333194230284E-05,0.000220089766074519,1.40735610438988E-10,0.000312926102868516,0,0,0,0,0,0,package://TH02.9/meshes/WAIST.STL,0.792156862745098,0.819607843137255,0.933333333333333,1,0,0,0,0,0,0,package://TH02.9/meshes/WAIST.STL,,TH02.9-HIP-PITCH-1/TH03-WAIST_BRACKET_RevB-1,WAIST_YAW,WAIST_YAW_AXIS,WAIST_YAW,revolute,-0.085885,-0.00025,-0.26128,0,-0.044157,0,BASE_LINK,0,0,1,0,0,0,0,,,,,,,,
SACRUM,-1.02802436355298E-09,1.3181712665844E-12,-0.0174395047598596,0,0,0,0.0567587030597907,1.73437965501492E-05,2.88099386226839E-12,-3.3413405930835E-12,2.22561942455811E-05,1.0672775605796E-12,8.14665189911387E-06,0,0,0,0,0,0,package://TH02.9/meshes/SACRUM.STL,0.898039215686275,0.917647058823529,0.929411764705882,1,0,0,0,0,0,0,package://TH02.9/meshes/SACRUM.STL,,TH03-WAIST_TSHAFT-1,WAIST_ROLL,WAIST_ROLL_AXIS,WAIST_ROLL,revolute,0.008,0,0,-1.5708,0,-1.5708,WAIST,0,0,1,0,0,0,0,,,,,,,,
PELVIS,-0.0261049957640829,-0.0643190503150533,-0.000249997836685754,0,0,0,2.40504532971309,0.00665522563497563,0.00064134893096608,1.26935422115717E-09,0.00683826346066122,-4.43882224472585E-09,0.00295305015252927,0,0,0,0,0,0,package://TH02.9/meshes/PELVIS.STL,0.752941176470588,0.752941176470588,0.752941176470588,1,0,0,0,0,0,0,package://TH02.9/meshes/PELVIS.STL,,TH02.9-WAIST-Dummy-1;TH01-HIPBASE_DUMMY-1,WAIST_PITCH,WAIST_PITCH_AXIS,WAIST_PITCH,revolute,0,0,0,0,-1.5708,0,SACRUM,0,0,1,0,0,0,0,,,,,,,,
HIP_L,0.000703861764562608,7.8602480080292E-10,0.00235852560267188,0,0,0,0.532614649927952,0.000959217633745819,-1.73076703730939E-11,8.84132978013661E-07,0.000614281330654266,-3.417233485095E-11,0.000538736748598508,0,0,0,0,0,0,package://TH02.9/meshes/HIP_L.STL,0.792156862745098,0.819607843137255,0.933333333333333,1,0,0,0,0,0,0,package://TH02.9/meshes/HIP_L.STL,,TH01-ABAD_DUMMY-1,HIP_YAW_L,HIP_YAW_L_AXIS,HIP_YAW_L,revolute,-0.11739,-0.15392,-0.06275,-1.5708,0,-0.82955,PELVIS,0,0,1,0,0,0,0,,,,,,,,
HIP_ABAD_L,0.000906389784922038,1.14210552126792E-09,0.00266189025023708,0,0,0,1.50723517530115,0.00636922681224714,4.13786461342648E-10,-5.99583963585025E-07,0.00378559650014618,-1.98312527161444E-10,0.00339111074879908,0,0,0,0,0,0,package://TH02.9/meshes/HIP_ABAD_L.STL,0.792156862745098,0.819607843137255,0.933333333333333,1,0,0,0,0,0,0,package://TH02.9/meshes/HIP_ABAD_L.STL,,TH01-HIPPITCH_DUMMY-1,HIP_ROLL_L,HIP_ROLL_L_AXIS,HIP_ROLL_L,revolute,0.141,0,0,1.5708,0,-1.5708,HIP_L,0,0,1,0,0,0,0,,,,,,,,
FEMUR_L,0.10762571077936,0.0132194449485327,-0.0252619379208046,0,0,0,2.91403116103668,0.00624609224362961,-0.00272150749009713,-0.00344666798623148,0.0438376153045349,-0.000153766890609234,0.0481341221303482,0,0,0,0,0,0,package://TH02.9/meshes/FEMUR_L.STL,0.792156862745098,0.819607843137255,0.933333333333333,1,0,0,0,0,0,0,package://TH02.9/meshes/FEMUR_L.STL,,TH01-FEMUR_DUMMY-1,HIP_PITCH_L,HIP_PITCH_L_AXIS,HIP_PITCH_L,revolute,-0.029,0,0,-1.5707963267949,0.785398163397451,-1.5707963267949,HIP_ABAD_L,0,0,0.999999999999976,0,0,0,0,,,,,,,,
TIBIA_L,0.151735482831537,-3.3514025443715E-09,5.55111512312578E-17,0,0,0,0.420710616400043,8.53968443798321E-05,2.39635809839208E-10,-5.61956250860678E-20,0.00527525868793752,-1.23485041011142E-13,0.00530709311890023,0,0,0,0,0,0,package://TH02.9/meshes/TIBIA_L.STL,0.792156862745098,0.819607843137255,0.933333333333333,1,0,0,0,0,0,0,package://TH02.9/meshes/TIBIA_L.STL,,TH01-TIBIA_DUMMY-1,KNEE_PITCH_L,KNEE_PITCH_L_AXIS,KNEE_PITCH_L,revolute,0.375,0,0,0,0,0,FEMUR_L,0,0,0.999999999999976,0,0,0,0,,,,,,,,
ANKLE_L,-1.23889076775185E-09,-2.47635280059555E-08,-3.17009977990335E-09,0,0,0,0.00322256961802201,3.1513192855211E-07,1.08590515452675E-13,2.93919649613694E-14,1.3712688974754E-07,-1.87037645128593E-13,2.09891116975732E-07,0,0,0,0,0,0,package://TH02.9/meshes/ANKLE_L.STL,0.792156862745098,0.819607843137255,0.933333333333333,1,0,0,0,0,0,0,package://TH02.9/meshes/ANKLE_L.STL,,TH01-ANKLE_DUMMY-1,ANKLE_PITH_L,ANKLE_PITCH_L_AXIS,ANKLE_PITCH_L,revolute,0.375,0,0,0,0,0,TIBIA_L,0,0,0.999999999999976,0,0,0,0,,,,,,,,
FOOT_L,0.0418358817331699,1.26364040398119E-06,0.0506915973901277,0,0,0,0.370975081839733,0.00168395275037754,1.11934677657746E-08,-2.08122767499644E-05,0.00155270614855904,-1.52061347463706E-09,0.000219089979969107,0,0,0,0,0,0,package://TH02.9/meshes/FOOT_L.STL,0.792156862745098,0.819607843137255,0.933333333333333,1,0,0,0,0,0,0,package://TH02.9/meshes/FOOT_L.STL,,TH01-FOOT_DUMMY_Detailed-2,ANKLE_ROLL_L,ANKLE_ROLL_L_AXIS,ANKLE_ROLL_L,revolute,0,0,0,-1.5707963267949,0,0,ANKLE_L,0,0,0.999999999999976,0,0,0,0,,,,,,,,
HIP_R,0.000703861764562608,7.8602483549739E-10,0.00235852560267188,0,0,0,0.532614649927952,0.000959217633745819,-1.73076703693435E-11,8.84132978013608E-07,0.000614281330654266,-3.41723348773376E-11,0.000538736748598508,0,0,0,0,0,0,package://TH02.9/meshes/HIP_R.STL,0.792156862745098,0.819607843137255,0.933333333333333,1,0,0,0,0,0,0,package://TH02.9/meshes/HIP_R.STL,,TH01-ABAD_DUMMY-2,HIP_YAW_R,HIP_YAW_R_AXIS,HIP_YAW_R,revolute,-0.11739418148927,-0.153917862252985,0.06225,-1.5707963267949,0,-0.829554993472906,PELVIS,0,0,1,0,0,0,0,,,,,,,,
HIP_ABAD_R,-0.000906389784922024,-1.14210549351235E-09,0.00266189025023703,0,0,0,1.50723517530115,0.00636922681224714,4.13786461194517E-10,5.99583963585252E-07,0.00378559650014618,1.98312527313142E-10,0.00339111074879908,0,0,0,0,0,0,package://TH02.9/meshes/HIP_ABAD_R.STL,0.792156862745098,0.819607843137255,0.933333333333333,1,0,0,0,0,0,0,package://TH02.9/meshes/HIP_ABAD_R.STL,,TH01-HIPPITCH_DUMMY-2,HIP_ROLL_R,HIP_ROLL_R_AXIS,HIP_ROLL_R,revolute,0.141,0,0,1.5707963267949,0,-1.5707963267949,HIP_R,0,0,1,0,0,0,0,,,,,,,,
FEMUR_R,0.107625678818905,0.013219446372946,0.025261942268044,0,0,0,2.91403077554997,0.00624609132724453,-0.0027215086364314,0.00344666480048292,0.0438375916151167,0.000153767025548637,0.0481340983870608,0,0,0,0,0,0,package://TH02.9/meshes/FEMUR_R.STL,0.792156862745098,0.819607843137255,0.933333333333333,1,0,0,0,0,0,0,package://TH02.9/meshes/FEMUR_R.STL,,TH01-FEMUR_R_DUMMY-1,HIP_PITCH_R,HIP_PITCH_R_AXIS,HIP_PITCH_R,revolute,0.0290000000000001,0,0,-1.5707963267949,0.785398163397451,-1.5707963267949,HIP_ABAD_R,0,0,-1,0,0,0,0,,,,,,,,
TIBIA_R,0.151735482831537,-3.3514025443715E-09,-1.59594559789866E-16,0,0,0,0.420710616400043,8.53968443798327E-05,2.39635810076377E-10,-1.08024055561413E-19,0.00527525868793752,-1.2348504681017E-13,0.00530709311890023,0,0,0,0,0,0,package://TH02.9/meshes/TIBIA_R.STL,0.792156862745098,0.819607843137255,0.933333333333333,1,0,0,0,0,0,0,package://TH02.9/meshes/TIBIA_R.STL,,TH01-TIBIA_DUMMY-2,KNEE_PITCH_R,KNEE_PITCH_R_AXIS,KNEE_PITCH_R,revolute,0.375,0,0,0,0,0,FEMUR_R,0,0,1,0,0,0,0,,,,,,,,
ANKLE_R,-1.23889054570725E-09,-2.47635278949332E-08,-3.17009971051441E-09,0,0,0,0.00322256961802202,3.15131928552111E-07,1.08590515637963E-13,2.93919648632848E-14,1.3712688974754E-07,-1.87037645208203E-13,2.09891116975733E-07,0,0,0,0,0,0,package://TH02.9/meshes/ANKLE_R.STL,0.792156862745098,0.819607843137255,0.933333333333333,1,0,0,0,0,0,0,package://TH02.9/meshes/ANKLE_R.STL,,TH01-ANKLE_DUMMY-2,ANKLE_PITCH_R,ANKLE_PITCH_R_AXIS,ANKLE_PITCH_R,revolute,0.375,0,0,0,0,0,TIBIA_R,0,0,1,0,0,0,0,,,,,,,,
FOOT_R,0.0418358820610985,1.27202909436241E-06,0.0506916392031198,0,0,0,0.370974801796455,0.0016839517925432,1.11961012801583E-08,-2.08122639313405E-05,0.00155270530222705,-1.34445239587529E-09,0.000219089867900365,0,0,0,0,0,0,package://TH02.9/meshes/FOOT_R.STL,0.792156862745098,0.819607843137255,0.933333333333333,1,0,0,0,0,0,0,package://TH02.9/meshes/FOOT_R.STL,,TH01-FOOT_DUMMY_Detailed-1,ANKLE_ROLL_R,ANKLE_ROLL_R_AXIS,ANKLE_ROLL_R,revolute,0,0,0,-1.5707963267949,0,0,ANKLE_R,0,0,1,0,0,0,0,,,,,,,,
